L_LAB_AVG,A_LAB_AVG,B_LAB_AVG,L_RGB_TO_LAB,A_RGB_TO_LAB,B_RGB_TO_LAB,Cluster_Raw,Maturity_Stage
36.2433,26.88,21.5533,76.4504,28.9053,30.4335,0,Ripe
38.65,25.6533,25.1833,76.4504,28.9053,30.4335,0,Ripe
38.7667,24.43,23.3033,76.5195,29.2883,28.3849,0,Ripe
37.2567,25.8767,22.5867,76.4504,28.9053,30.4335,0,Ripe
36.02,24.2567,21.0633,76.4504,28.9053,30.4335,0,Ripe
38.3367,22.5667,22.22,76.6466,29.9886,24.7915,0,Ripe
37.7167,23.3367,21.88,76.4504,28.9053,30.4335,0,Ripe
39.1033,23.02,25.31,78.2548,24.724,32.807,0,Ripe
38.2067,25.04,23.2267,76.5431,29.4187,27.7012,0,Ripe
35.8767,26.79,21.8933,78.6823,24.7378,29.4876,0,Ripe
36.85,23.3033,20.7033,76.6466,29.9886,24.7915,0,Ripe
39.2633,23.2767,24.9933,76.6466,29.9886,24.7915,0,Ripe
39.7233,22.8033,26.09,78.2277,24.5682,33.6507,0,Ripe
35.2333,26.1933,20.9933,76.4504,28.9053,30.4335,0,Ripe
38.1467,24.9967,23.2333,74.6875,33.0672,28.0952,0,Ripe
36.77,25.2867,22.5333,83.2813,16.5143,27.901,0,Ripe
36.25,22.6933,20.0267,83.2813,16.5143,27.901,0,Ripe
40.1767,22.7133,26.59,76.5912,29.6838,26.3326,0,Ripe
37.6267,22.36,23.52,76.4504,28.9053,30.4335,0,Ripe
36.33,26.35,21.2367,76.4504,28.9053,30.4335,0,Ripe
36.7167,26.31,22.0,74.8085,32.0282,31.3035,0,Ripe
40.0,24.0333,25.5467,74.7809,31.8799,32.1598,0,Ripe
36.2467,21.9933,19.9133,78.8819,25.8845,23.8861,0,Ripe
39.0567,22.88,25.7233,76.5195,29.2883,28.3849,0,Ripe
38.3333,23.1067,24.7567,78.4435,25.8075,27.2156,0,Ripe
39.44,21.0533,25.1167,76.5195,29.2883,28.3849,0,Ripe
36.46,22.9267,20.3933,76.5791,29.617,26.6749,0,Ripe
36.39,26.3067,21.4933,74.6875,33.0672,28.0952,0,Ripe
39.44,22.1733,24.4667,78.3213,25.107,30.7779,0,Ripe
36.9767,25.1933,23.22,74.8085,32.0282,31.3035,0,Ripe
37.3567,24.2667,22.4567,78.6823,24.7378,29.4876,0,Ripe
37.3633,21.73,22.11,76.4504,28.9053,30.4335,0,Ripe
36.79,25.2,21.7767,76.4504,28.9053,30.4335,0,Ripe
36.0,24.3,20.4067,78.6823,24.7378,29.4876,0,Ripe
36.45,28.17,22.6033,76.4504,28.9053,30.4335,0,Ripe
36.6067,21.92,20.8433,83.2813,16.5143,27.901,0,Ripe
38.34,23.7633,23.3367,74.7166,31.533,34.21,0,Ripe
37.51,24.7233,23.3567,74.8085,32.0282,31.3035,0,Ripe
35.7233,23.72,20.5033,76.4504,28.9053,30.4335,0,Ripe
38.0767,25.51,23.1667,72.6577,37.1901,28.4672,0,Ripe
36.19,25.32,21.18,76.6466,29.9886,24.7915,0,Ripe
36.9667,25.08,21.9733,76.4504,28.9053,30.4335,0,Ripe
37.3067,22.64,20.7833,76.4504,28.9053,30.4335,0,Ripe
37.8,26.2567,23.5233,74.8085,32.0282,31.3035,0,Ripe
36.5733,25.17,21.3333,76.4504,28.9053,30.4335,0,Ripe
37.27,20.2033,22.0867,78.6823,24.7378,29.4876,0,Ripe
36.0267,22.7633,20.5067,76.8617,31.1664,19.1349,0,Ripe
36.6867,23.3133,21.5367,77.0003,19.3146,19.0181,0,Ripe
38.0367,22.9,23.2967,83.2813,16.5143,27.901,0,Ripe
38.06,24.5267,23.7167,78.8134,25.4917,25.7554,0,Ripe
39.6267,21.2033,23.4467,78.6823,24.7378,29.4876,0,Ripe
40.09,21.3867,25.0233,82.7912,17.4489,27.7663,0,Ripe
38.1933,24.38,22.65,83.2813,16.5143,27.901,0,Ripe
38.5467,22.2767,23.5967,76.6466,29.9886,24.7915,0,Ripe
37.78,26.8967,22.4467,76.4504,28.9053,30.4335,0,Ripe
36.0333,20.87,20.13,83.2813,16.5143,27.901,0,Ripe
38.97,21.6333,24.46,78.6823,24.7378,29.4876,0,Ripe
35.7333,19.96,21.6,82.5927,12.175,50.9288,0,Ripe
38.3033,19.17,21.59,81.1639,21.8109,23.0853,0,Ripe
39.0767,23.1433,26.46,76.7661,28.8969,27.9992,0,Ripe
37.29,24.2033,21.2,76.4504,28.9053,30.4335,0,Ripe
38.1333,23.1133,23.2133,76.4504,28.9053,30.4335,0,Ripe
39.09,21.63,24.57,76.4504,28.9053,30.4335,0,Ripe
41.0667,19.7633,27.0733,78.344,25.2374,30.1004,0,Ripe
39.44,22.1533,24.9233,79.9288,21.442,32.8962,0,Ripe
41.4733,19.93,25.87,80.5545,23.2464,22.0719,0,Ripe
39.1567,22.7667,24.4,78.6823,24.7378,29.4876,0,Ripe
39.29,24.24,24.81,76.4904,29.1272,29.2391,0,Ripe
37.5133,23.95,21.7033,78.6506,26.9858,21.6011,0,Ripe
38.9767,20.2633,22.7567,78.8819,25.8845,23.8861,0,Ripe
39.7233,18.35,23.96,80.7175,21.6936,26.377,0,Ripe
43.18,13.63,25.8067,84.3533,15.8649,23.5694,0,Ripe
41.2867,17.4167,28.1967,82.3389,18.6054,26.6287,2,Medium
36.73,18.6767,20.3333,83.2813,16.5143,27.901,0,Ripe
40.5133,17.9367,26.1333,82.3942,18.942,25.1183,0,Ripe
36.8667,23.9533,23.0333,80.9612,20.6031,28.6466,0,Ripe
39.5067,20.5433,26.6033,82.1471,17.4314,32.1516,0,Ripe
39.3933,21.2567,23.8667,78.4435,25.8075,27.2156,0,Ripe
43.0467,18.1767,27.7733,79.9955,21.8371,30.8789,2,Medium
38.5967,25.4367,24.6633,76.4504,28.9053,30.4335,0,Ripe
44.2633,11.35,26.3867,86.1845,11.8723,26.0699,2,Medium
45.53,11.25,32.44,87.6401,6.6706,35.2577,2,Medium
46.87,13.8267,33.6933,81.6271,18.1733,33.0333,2,Medium
59.0033,-9.0733,21.6333,95.8104,-22.5382,15.2781,1,Unripe
60.1633,-9.8333,22.3967,96.9425,-15.4915,17.9173,1,Unripe
62.5333,-9.22,21.2333,96.6078,-17.088,16.3701,1,Unripe
56.4533,-11.7267,24.7367,97.9381,-13.2763,23.329,1,Unripe
55.7833,-10.9233,25.76,95.6123,-23.9375,17.886,1,Unripe
53.77,-7.95,24.8067,96.6977,-18.8683,20.2363,1,Unripe
50.0867,-12.27,24.0067,96.0966,-21.2016,11.9319,1,Unripe
57.3633,-12.68,26.2667,96.2184,-19.9727,17.9814,1,Unripe
50.8033,-11.0033,22.99,95.7216,-24.2678,20.6081,1,Unripe
59.17,-8.8367,20.8033,96.3076,-18.8111,17.4471,1,Unripe
44.6633,13.3633,31.8167,81.8786,18.4046,30.3985,2,Medium
43.61,12.0567,29.7833,85.2169,11.8442,32.0558,2,Medium
43.0167,11.4633,29.0767,88.039,7.9029,28.5839,2,Medium
42.9,10.95,30.5833,83.6236,15.3153,29.9327,2,Medium
42.1567,13.8367,29.2467,85.633,10.3809,34.6714,2,Medium
47.59,9.92,27.2867,84.4582,13.1541,32.2595,2,Medium
49.1633,9.82,29.23,83.9137,15.1223,28.752,2,Medium
42.93,14.1567,30.2267,81.4595,19.1033,30.7162,2,Medium
42.99,9.3433,29.8967,85.818,11.5798,29.224,2,Medium
48.76,1.3267,33.4233,91.8801,1.3027,29.1429,2,Medium
49.02,7.2767,29.1033,88.9723,4.8307,33.6075,2,Medium
45.9733,5.92,27.86,93.6824,-1.7878,29.7086,2,Medium
50.25,0.2367,30.62,92.6097,-2.7846,33.8187,2,Medium
51.0833,-1.7933,27.9367,96.4623,-9.1243,23.709,2,Medium
53.6833,-4.02,27.3767,97.697,-14.6303,30.5966,1,Unripe
49.7567,-1.3733,28.0967,97.5136,-11.4395,18.6558,2,Medium
52.76,-5.2533,24.0467,97.2332,-13.3892,23.6858,1,Unripe
49.32,-5.88,21.8167,96.6858,-19.6299,27.0252,1,Unripe
50.7767,-3.89,26.2633,97.5038,-15.809,32.4907,1,Unripe
51.7567,0.6767,28.66,96.4222,-12.4231,25.6266,2,Medium
53.4867,-1.3133,23.6767,96.6385,-6.2398,20.5978,1,Unripe
48.7733,1.1933,31.6433,95.2727,-6.4655,36.7171,2,Medium
54.75,-4.3633,24.0667,96.2512,-13.1554,24.1714,1,Unripe
50.5467,1.63,23.8633,96.918,-3.7871,20.7117,1,Unripe
58.6867,-2.73,26.9333,97.3803,-14.2195,27.7905,1,Unripe
58.5633,-3.0867,29.3,97.3512,-12.5633,27.4489,1,Unripe
54.0533,-6.18,32.45,96.0868,-14.6151,30.5436,2,Medium
53.8233,1.5733,27.7533,93.0667,-0.8581,29.8956,2,Medium
50.5333,7.3333,31.7967,87.1471,7.6659,34.7797,2,Medium
63.8767,2.3533,17.92,97.6166,-10.7485,6.7744,1,Unripe
57.95,-0.2033,29.43,97.7501,-13.2721,25.4463,2,Medium
51.0067,2.3333,30.5167,92.9249,-1.8638,33.9402,2,Medium
60.71,-2.71,28.9367,96.9901,-10.0206,30.5656,1,Unripe
50.4733,-3.88,25.85,97.0703,-14.0133,21.5594,1,Unripe
54.6667,-6.66,28.3133,97.4549,-15.6792,28.3701,1,Unripe
63.7833,-8.11,20.5167,96.8905,-15.4737,15.2658,1,Unripe
63.3033,-9.1333,22.1333,97.4197,-12.241,10.9386,1,Unripe
